tweet_id,target,Stance,Stance_1,Stance_2,Stance_3
466609902983868418,vaccines,favor,favor,favor,favor
696965593908563968,vaccines,favor,favor,favor,favor
1144724993219203072,vaccines,favor,favor,favor,favor
322427282687946752,vaccines,favor,neutral,favor,favor
776107483269955584,vaccines,neutral,neutral,neutral,neutral
1213865673795002379,vaccines,favor,favor,favor,favor
980427308510130177,vaccines,favor,favor,favor,favor
288477118168449024,vaccines,against,against,against,against
295723989114974208,vaccines,favor,favor,favor,favor
1290824197967683590,vaccines,against,against,against,against
1131295832702169089,vaccines,neutral,neutral,neutral,favor
848553391030648840,vaccines,neutral,neutral,neutral,neutral
368059549837578240,vaccines,neutral,neutral,neutral,neutral
1267926620788187141,vaccines,against,against,against,against
1056011046714990592,vaccines,favor,favor,neutral,favor
1388960572952166400,vaccines,favor,favor,favor,favor
644342973262598145,vaccines,favor,favor,favor,neutral
292019787251466240,vaccines,against,against,against,against
718397552979259392,vaccines,neutral,neutral,neutral,neutral
289821578093555712,vaccines,against,against,against,against
289342126502858753,vaccines,against,against,against,against
1508116512527298560,vaccines,favor,favor,favor,favor
1418637138963451908,vaccines,favor,favor,favor,favor
737410441547292672,vaccines,neutral,neutral,neutral,favor
950537245114552320,vaccines,against,against,against,neutral
1064582973335498754,vaccines,favor,favor,favor,favor
450056613626646528,vaccines,favor,favor,favor,favor
1395722485535023110,vaccines,neutral,neutral,neutral,neutral
541850083453444097,vaccines,neutral,neutral,neutral,neutral
1154878680356806656,vaccines,neutral,neutral,neutral,neutral
296690768251322369,vaccines,against,against,against,against
626855950788505601,vaccines,neutral,neutral,neutral,neutral
404021876810584064,vaccines,against,against,against,against
1292907682471358464,vaccines,against,against,favor,against
1394380973324718084,vaccines,favor,favor,favor,favor
737748475530600448,vaccines,neutral,neutral,neutral,neutral
1226820645985673217,vaccines,against,against,against,against
1408913747893051395,vaccines,favor,favor,favor,favor
1339347236988329987,vaccines,against,against,neutral,against
1083467376409149443,vaccines,favor,favor,favor,favor
3182419005305235631,vaccines,favor,favor,against,favor
834094545600028672,vaccines,favor,favor,neutral,favor
1288182475164983296,vaccines,favor,favor,neutral,favor
345461107122663424,vaccines,favor,favor,favor,favor
360821887602917376,vaccines,against,against,against,against
358928571865104388,vaccines,against,against,against,against
297398170781106176,vaccines,against,against,against,against
1089460989903265792,vaccines,against,against,against,against
1218204830302457858,vaccines,against,against,against,against
353502917782798336,vaccines,against,against,against,against
289378550740557825,vaccines,neutral,neutral,neutral,neutral
1181992113312976896,vaccines,neutral,neutral,neutral,neutral
290258673941487617,vaccines,against,against,neutral,against
1500836847744073734,vaccines,against,against,against,against
1036984032922415104,vaccines,neutral,neutral,neutral,neutral
351785849307922432,vaccines,against,against,against,against
1375573397908885513,vaccines,neutral,neutral,neutral,neutral
1607317942827466756,vaccines,against,against,against,against
322169370799403008,vaccines,favor,favor,favor,favor
1559204162461646848,vaccines,against,against,against,against
1152728027270266880,vaccines,favor,favor,favor,favor
968245277273419776,vaccines,favor,favor,favor,favor
938191582150512640,vaccines,favor,favor,favor,favor
646833891190394880,vaccines,neutral,neutral,neutral,neutral
351409328361701376,vaccines,neutral,neutral,neutral,neutral
453917457766305792,vaccines,favor,favor,favor,favor
289515628983898112,vaccines,against,against,against,against
4389503329403674138,vaccines,against,against,against,against
402858961776283648,vaccines,neutral,neutral,neutral,neutral
347171016700743680,vaccines,against,against,against,against
1145489764281458688,vaccines,favor,neutral,favor,favor
934841800333733888,vaccines,favor,favor,favor,favor
1102718312289570816,vaccines,neutral,neutral,neutral,neutral
1591009042868375552,vaccines,against,against,against,against
1485378917578027027,vaccines,against,against,against,neutral
1473705988868001797,vaccines,favor,favor,favor,favor
1467792226197639168,vaccines,against,against,against,against
1575938238090719232,vaccines,neutral,neutral,neutral,neutral
342314279552307200,vaccines,against,against,against,against
879537151779774465,vaccines,neutral,neutral,neutral,neutral
1232319987265789953,vaccines,neutral,neutral,neutral,neutral
1254481296828628993,vaccines,neutral,neutral,neutral,neutral
289801583099781120,vaccines,against,against,against,against
1478751706976600064,vaccines,favor,favor,favor,favor
841199017841254400,vaccines,neutral,neutral,neutral,neutral
823654229034278913,vaccines,neutral,neutral,neutral,neutral
1091016869526544387,vaccines,against,against,against,against
1593156565999273282,vaccines,neutral,neutral,against,neutral
1283159224726380544,vaccines,neutral,neutral,neutral,neutral
1303774219650686977,vaccines,favor,favor,favor,neutral
686208410413449217,vaccines,neutral,neutral,neutral,neutral
850592795186274304,vaccines,against,against,against,against
988900275078430722,vaccines,favor,favor,favor,favor
354544219525877760,vaccines,against,against,against,against
294009104769372160,vaccines,against,against,against,against
1095715655960154112,vaccines,against,against,against,against
355421799598669824,vaccines,against,against,against,against
1589961751478824961,vaccines,neutral,neutral,neutral,neutral
1402949865143824386,vaccines,neutral,neutral,neutral,neutral
1471852600404287490,vaccines,neutral,neutral,favor,neutral
858770943052611585,vaccines,against,against,against,against
1315082215043235841,vaccines,neutral,neutral,neutral,neutral
1260373817450549250,vaccines,neutral,neutral,against,neutral
1223823508813176832,vaccines,neutral,against,neutral,neutral
349915717660966912,vaccines,against,against,neutral,against
644345206477819905,vaccines,neutral,favor,neutral,neutral
7243078324833024138,vaccines,neutral,neutral,favor,neutral
526586499907596289,vaccines,favor,favor,favor,favor
1224436808328437760,vaccines,favor,favor,favor,favor
1082444819115507713,vaccines,favor,favor,favor,favor
784915709423935488,vaccines,favor,favor,favor,favor
1358437083497570307,vaccines,against,neutral,against,against
1139306584335630336,vaccines,favor,favor,favor,favor
329730194766184448,vaccines,neutral,neutral,neutral,neutral
1249480122882764800,vaccines,neutral,neutral,neutral,neutral
630944256769699840,vaccines,neutral,neutral,neutral,neutral
1455389233561096194,vaccines,neutral,neutral,neutral,neutral
311241863556390912,vaccines,neutral,neutral,neutral,neutral
1446058874486755335,vaccines,neutral,neutral,neutral,neutral
1451834713576984579,vaccines,neutral,neutral,neutral,neutral
1240352325601984515,vaccines,favor,favor,favor,favor
1296768943596675074,vaccines,against,against,against,against
1182075644827652096,vaccines,neutral,neutral,neutral,neutral
913844831088148480,vaccines,against,against,against,against
703690942432350208,vaccines,favor,favor,favor,favor
1544753544070213632,vaccines,favor,favor,favor,favor
1522276828458721286,vaccines,neutral,neutral,neutral,neutral
337417626479370240,vaccines,favor,favor,favor,neutral
957172711704297472,vaccines,neutral,neutral,neutral,neutral
886251075145281540,vaccines,against,against,against,neutral
1334971004842598402,vaccines,neutral,neutral,against,neutral
1149155895441575936,vaccines,favor,favor,favor,favor
789721024824807424,vaccines,favor,against,favor,favor
1478344863800201217,vaccines,favor,favor,favor,favor
291754341054963712,vaccines,against,against,against,against
1101373615608496128,vaccines,favor,favor,favor,favor
1252978807423799297,vaccines,neutral,neutral,neutral,neutral
1126269177260662784,vaccines,neutral,neutral,favor,neutral
565926029579915264,vaccines,favor,favor,favor,favor
916648101754003456,vaccines,favor,favor,favor,favor
833931102683140096,vaccines,favor,favor,favor,favor
1542943354744348672,vaccines,favor,favor,favor,favor
338722605144104960,vaccines,against,against,against,against
741472062674370563,vaccines,favor,favor,favor,neutral
1219437853102362625,vaccines,neutral,neutral,neutral,neutral
321434702143688704,vaccines,favor,favor,favor,favor
1530274011816546304,vaccines,favor,favor,favor,favor
1088197274570653701,vaccines,favor,favor,favor,favor
1111050813953265664,vaccines,neutral,neutral,neutral,neutral
1255154310897373184,vaccines,neutral,neutral,neutral,neutral
644342454167048192,vaccines,favor,favor,favor,favor
474853757826916352,vaccines,against,against,against,against
293716944509599744,vaccines,against,against,against,against
1434148363893710852,vaccines,favor,favor,favor,favor
1208772225442160640,vaccines,against,against,against,against
1260584178657234952,vaccines,neutral,neutral,neutral,neutral
484459444986605569,vaccines,favor,favor,favor,favor
821471351412236290,vaccines,against,favor,against,against
1146746399465377793,vaccines,neutral,neutral,neutral,neutral
1162109699975548928,vaccines,neutral,neutral,neutral,neutral
6680550474912263376,vaccines,neutral,neutral,favor,neutral
1145745497295949827,vaccines,favor,favor,favor,favor
8250430885583685767,vaccines,against,against,against,against
1583667056330739712,vaccines,neutral,neutral,neutral,neutral
644343604115316736,vaccines,neutral,neutral,neutral,neutral
909814327271723008,vaccines,favor,favor,favor,favor
1582851758396579840,vaccines,neutral,neutral,neutral,neutral
1432092634340904971,vaccines,neutral,neutral,neutral,neutral
1569780081555558400,vaccines,neutral,favor,neutral,neutral
1436135017852424192,vaccines,favor,neutral,favor,favor
1261062168092565505,vaccines,against,against,against,against
346678235075059713,vaccines,against,against,against,neutral
300279334080491520,vaccines,against,against,against,against
1132677972387868672,vaccines,favor,favor,favor,favor
1024004503610302466,vaccines,favor,favor,favor,favor
705134042522456064,vaccines,neutral,neutral,neutral,neutral
335962186235129856,vaccines,favor,favor,favor,favor
426969600018751488,vaccines,favor,favor,favor,favor
1094022198317076480,vaccines,neutral,neutral,neutral,neutral
1015009347586482178,vaccines,favor,against,favor,favor
857385944244211713,vaccines,favor,favor,favor,favor
301600805121818625,vaccines,against,against,against,against
978696781440561152,vaccines,favor,favor,neutral,favor
1217173325899882496,vaccines,neutral,neutral,neutral,neutral
599432032721227776,vaccines,favor,favor,favor,favor
1306723448438349826,vaccines,neutral,neutral,neutral,neutral
1310131694117236742,vaccines,neutral,neutral,neutral,neutral
1097605076045070337,vaccines,favor,favor,favor,favor
1132236634928369664,vaccines,favor,favor,favor,favor
1505998699054346240,vaccines,neutral,neutral,against,neutral
452192317198581760,vaccines,favor,favor,favor,favor
952368360972460033,vaccines,against,neutral,against,against
934718455076372480,vaccines,favor,favor,favor,favor
327541564215808000,vaccines,favor,favor,favor,favor
1443699044350521358,vaccines,favor,favor,favor,favor
305381197834502144,vaccines,neutral,neutral,neutral,neutral
1492519186953814024,vaccines,neutral,neutral,neutral,favor
362701347516186626,vaccines,against,against,against,against
1407383879078531072,vaccines,neutral,neutral,neutral,neutral
322045769983082496,vaccines,against,against,against,against
445786623679016961,vaccines,favor,favor,favor,favor
1216580732119699456,vaccines,against,against,against,against
319166116276613122,vaccines,favor,favor,favor,favor
330025476909318145,vaccines,favor,favor,favor,favor
1055375023907786752,vaccines,favor,favor,favor,favor
1347309875152478210,vaccines,favor,favor,favor,favor
1090653621728038913,vaccines,favor,favor,favor,favor
1044301563563577344,vaccines,favor,favor,favor,favor
1468247589904658449,vaccines,neutral,favor,neutral,neutral
8592829993476671156,vaccines,against,against,neutral,against
1437765232529747969,vaccines,favor,favor,favor,favor
1201238804071374850,vaccines,favor,favor,favor,favor
445566413324189698,vaccines,neutral,neutral,neutral,favor
788049499180720128,vaccines,neutral,neutral,neutral,neutral
8046175635149384823,vaccines,favor,favor,favor,against
1419379125773606917,vaccines,neutral,neutral,against,favor
1597645363682607104,vaccines,against,against,against,against
699283838543884288,vaccines,neutral,neutral,neutral,neutral
1313279968437301249,vaccines,neutral,neutral,favor,neutral
1538217961843875840,vaccines,neutral,neutral,neutral,neutral
357302161274703872,vaccines,against,against,against,against
667392378278383616,vaccines,favor,favor,favor,favor
1018602039901937666,vaccines,favor,favor,favor,favor
1031910876020797440,vaccines,favor,favor,favor,favor
339355577031462913,vaccines,favor,favor,favor,favor
463445596422950912,vaccines,favor,favor,favor,favor
323031993598230529,vaccines,favor,favor,favor,favor
1104516655130898432,vaccines,favor,favor,favor,favor
289857280206323712,vaccines,against,against,against,against
1088567566203867137,vaccines,against,against,against,against
951507258717941761,vaccines,favor,favor,favor,favor
839811834890846208,vaccines,neutral,neutral,neutral,neutral
400488287510732800,vaccines,favor,favor,favor,favor
288465615608504320,vaccines,against,against,against,against
369474474728382464,vaccines,against,neutral,against,against
644526364532445184,vaccines,favor,favor,favor,favor
295058307478081536,vaccines,against,against,against,against
304266660603363329,vaccines,against,against,against,against
1042811802088812544,vaccines,favor,favor,favor,favor
570647918836756481,vaccines,favor,favor,favor,favor
300372568152625152,vaccines,against,against,against,against
351186839807328257,vaccines,favor,favor,favor,neutral
445641568863535104,vaccines,neutral,favor,neutral,neutral
444499079884599299,vaccines,favor,favor,favor,favor
1070767121561337859,vaccines,favor,favor,favor,favor
361397518321455104,vaccines,against,against,against,against
1545036099495645184,vaccines,against,against,neutral,against
372461799020310528,vaccines,favor,favor,favor,favor
837862083878354944,vaccines,favor,favor,neutral,favor
291628505584766978,vaccines,against,neutral,against,against
999028778230689792,vaccines,neutral,neutral,neutral,neutral
897493097009098757,vaccines,favor,favor,favor,neutral
1595600725370871808,vaccines,neutral,neutral,neutral,neutral
1009897510557626379,vaccines,favor,favor,favor,favor
833061192314654720,vaccines,favor,favor,favor,favor
289769722428399616,vaccines,against,against,against,against
365516369661394944,vaccines,neutral,neutral,neutral,neutral
1442751002017349634,vaccines,neutral,neutral,neutral,neutral
1163382457770680320,vaccines,favor,neutral,favor,favor
1272679408369897472,vaccines,neutral,neutral,neutral,neutral
331884976799031485,vaccines,favor,favor,favor,favor
372760373931167745,vaccines,favor,favor,neutral,favor
828000966922231816,vaccines,neutral,neutral,favor,neutral
365713011043864576,vaccines,favor,favor,favor,favor
850612953741217792,vaccines,neutral,neutral,neutral,neutral
6627240951339096456,vaccines,neutral,neutral,neutral,neutral
1237058430809985029,vaccines,neutral,neutral,favor,neutral
1543635692512845826,vaccines,against,against,against,neutral
520216422513799168,vaccines,favor,favor,favor,favor
1114909721771692033,vaccines,against,against,against,against
1479791723828203520,vaccines,neutral,neutral,neutral,neutral
504978033980477440,vaccines,favor,favor,favor,favor
1183440346849730560,vaccines,favor,favor,neutral,favor
1096124661375606785,vaccines,favor,favor,favor,favor
293181826426626048,vaccines,favor,favor,favor,favor
915014992973455361,vaccines,against,against,against,against
1515864487202631694,vaccines,neutral,neutral,neutral,neutral
340749480339070976,vaccines,neutral,neutral,neutral,neutral
928964837652262912,vaccines,favor,favor,favor,favor
454345000407404545,vaccines,neutral,neutral,neutral,neutral
1469906324016140291,vaccines,neutral,neutral,neutral,neutral
1201312740431859712,vaccines,favor,favor,favor,favor
1099895726644043776,vaccines,favor,favor,favor,favor
1174115047192158208,vaccines,neutral,neutral,neutral,neutral
697498571982168064,vaccines,favor,favor,favor,favor
1202636073026768896,vaccines,favor,favor,favor,favor
737327965399187456,vaccines,favor,favor,favor,favor
1523496086882582528,vaccines,neutral,neutral,neutral,neutral
1574767502902857730,vaccines,against,against,against,against
1608140269764972545,vaccines,against,neutral,against,against
563442604679786496,vaccines,favor,favor,favor,favor
1583509801967190016,vaccines,neutral,neutral,neutral,neutral
288478215817793536,vaccines,neutral,neutral,neutral,neutral
1219018288560128000,vaccines,favor,favor,favor,favor
361765247612235776,vaccines,against,against,against,against
1056881423527895042,vaccines,neutral,neutral,neutral,neutral
644344668327673856,vaccines,neutral,neutral,neutral,neutral
903816238295605248,vaccines,neutral,neutral,neutral,neutral
1187234069655900161,vaccines,favor,favor,favor,neutral
1429836053574258690,vaccines,favor,favor,favor,favor
1531087459081195520,vaccines,against,against,against,against
1561226916463628288,vaccines,neutral,neutral,neutral,neutral
1139481277021720576,vaccines,neutral,neutral,neutral,favor
346981814155485185,vaccines,against,against,against,against
514176131667611649,vaccines,favor,favor,favor,favor
6434246398566046706,vaccines,favor,neutral,favor,favor
1237100595607207941,vaccines,against,against,against,against
702218256036319233,vaccines,neutral,neutral,neutral,neutral
1438919132460634112,vaccines,neutral,neutral,neutral,neutral
1604777314042224641,vaccines,neutral,neutral,neutral,neutral
946101956908642305,vaccines,neutral,neutral,neutral,neutral
985495851735961602,vaccines,favor,favor,favor,neutral
954916394365341696,vaccines,favor,favor,favor,favor
1421460581006073861,vaccines,favor,favor,favor,favor
1120778877004124162,vaccines,against,against,against,against
347730333946503169,vaccines,against,against,against,against
809170533598240769,vaccines,favor,favor,favor,favor
625913822547340152,vaccines,favor,favor,favor,favor
292056276769320960,vaccines,neutral,neutral,neutral,neutral
291617629335076864,vaccines,against,against,against,against
565935054644592640,vaccines,favor,favor,favor,favor
847531732110909440,vaccines,neutral,neutral,neutral,neutral
533197584144531456,vaccines,neutral,neutral,neutral,neutral
862181704831688704,vaccines,neutral,neutral,neutral,neutral
360657252291575808,vaccines,against,against,against,against
1356195337753378824,vaccines,neutral,neutral,neutral,neutral
1003862336065556480,vaccines,favor,favor,favor,favor
336369602982473728,vaccines,favor,favor,favor,favor
318879798132887552,vaccines,against,against,against,against
350179824318418944,vaccines,against,against,against,against
348841020055756801,vaccines,against,against,against,neutral
1104254315210903552,vaccines,favor,favor,favor,neutral
1544873457212588032,vaccines,favor,favor,favor,favor
1220344654337626112,vaccines,neutral,neutral,favor,neutral
1173390165449961472,vaccines,neutral,neutral,neutral,neutral
943612542261309440,vaccines,neutral,neutral,neutral,neutral
608381649139712000,vaccines,neutral,against,neutral,neutral
1391872148420059142,vaccines,neutral,neutral,neutral,neutral
883793880033841152,vaccines,against,neutral,against,against
339560799607590914,vaccines,neutral,neutral,neutral,neutral
1404980992402616322,vaccines,neutral,neutral,neutral,neutral
1376904655494598659,vaccines,neutral,neutral,neutral,neutral
487922885265088513,vaccines,neutral,neutral,neutral,neutral
757108219118546944,vaccines,neutral,neutral,neutral,neutral
687427124198830080,vaccines,neutral,neutral,neutral,neutral
496187568401444864,vaccines,neutral,neutral,neutral,neutral
1464277997733748749,vaccines,neutral,neutral,neutral,neutral
1149376794228867072,vaccines,neutral,neutral,neutral,neutral
1572512708473212929,vaccines,neutral,neutral,neutral,neutral
321073574326718464,vaccines,favor,neutral,favor,favor
1527628994182627328,vaccines,neutral,neutral,neutral,neutral
1521550073066311681,vaccines,neutral,neutral,neutral,neutral
1216636070994927616,vaccines,neutral,neutral,neutral,neutral
557663595778306048,vaccines,neutral,favor,neutral,neutral
1537631394096197635,vaccines,neutral,neutral,neutral,neutral
7226539535293400992,vaccines,neutral,neutral,favor,neutral
610546908243853312,vaccines,neutral,neutral,neutral,neutral
937433756574498816,vaccines,neutral,neutral,neutral,neutral
965093437119774720,vaccines,neutral,neutral,neutral,neutral
296324506228772864,vaccines,against,against,against,against
437951729653391360,vaccines,against,against,against,against
1001047188636667905,vaccines,neutral,neutral,neutral,neutral
1535646210492665856,vaccines,neutral,neutral,neutral,neutral
3649581015063042094,vaccines,favor,neutral,favor,favor
1347955485555757058,vaccines,neutral,neutral,neutral,neutral
832300164383596544,vaccines,favor,favor,favor,favor
900392809529720833,vaccines,neutral,neutral,neutral,neutral
1568357168843489280,vaccines,neutral,neutral,neutral,against
1271752024825171969,vaccines,neutral,neutral,neutral,neutral
1039498847800578048,vaccines,neutral,neutral,favor,neutral
1123962500008108032,vaccines,neutral,neutral,neutral,neutral
320573997307793408,vaccines,neutral,neutral,neutral,neutral
918911025851846656,vaccines,favor,favor,favor,favor
1301189243851735042,vaccines,neutral,neutral,neutral,neutral
334757580129853440,vaccines,against,against,against,against
934204748747282067,vaccines,neutral,neutral,favor,neutral
563751855885651969,vaccines,neutral,neutral,neutral,neutral
1405630084887855108,vaccines,neutral,neutral,neutral,neutral
887079948485308416,vaccines,neutral,neutral,neutral,neutral
1196399222230142977,vaccines,neutral,neutral,neutral,neutral
465521863733424128,vaccines,neutral,neutral,neutral,neutral
1581720504565579777,vaccines,neutral,neutral,neutral,neutral
7929878296638296611,vaccines,neutral,neutral,favor,neutral
3765875152176830149,vaccines,neutral,neutral,neutral,neutral
635233742940860416,vaccines,favor,neutral,favor,favor
1553466971424972800,vaccines,neutral,neutral,neutral,neutral
1310661314054746112,vaccines,neutral,neutral,neutral,neutral
980125068037537793,vaccines,neutral,neutral,neutral,neutral
1491547370084966402,vaccines,neutral,neutral,neutral,neutral
1534816309430591489,vaccines,neutral,neutral,neutral,neutral
1274050138491813888,vaccines,favor,favor,neutral,favor
438926146147590144,vaccines,neutral,neutral,neutral,neutral
1515790187401560068,vaccines,neutral,neutral,neutral,neutral
1477485212674134016,vaccines,favor,favor,favor,neutral
1569741039338127362,vaccines,neutral,neutral,neutral,neutral
1011267344323235844,vaccines,neutral,neutral,against,neutral
354257049737101313,vaccines,neutral,neutral,neutral,neutral
1548015000094011394,vaccines,neutral,neutral,neutral,neutral
1032425989614329856,vaccines,against,against,against,against
529756210044481536,vaccines,neutral,neutral,neutral,neutral
1147561173983858688,vaccines,neutral,neutral,neutral,neutral
1080564811371556864,vaccines,against,against,against,against
1593018654576504832,vaccines,neutral,neutral,neutral,neutral
1286220022558478337,vaccines,neutral,neutral,neutral,neutral
1603722706629066753,vaccines,neutral,neutral,neutral,neutral
1551355478566965248,vaccines,neutral,against,neutral,neutral
522082133464977408,vaccines,neutral,neutral,neutral,neutral
1536745765611118592,vaccines,neutral,neutral,neutral,neutral
1598543066750648320,vaccines,favor,favor,neutral,favor
1410276644330352647,vaccines,neutral,neutral,neutral,neutral
786985809274609664,vaccines,against,against,against,against
468547652737441792,vaccines,neutral,neutral,neutral,neutral
456401983708999680,vaccines,against,against,against,against
1202568737767018496,vaccines,favor,favor,favor,favor
1447700202421379072,vaccines,neutral,neutral,neutral,neutral
1557576955599503361,vaccines,neutral,neutral,neutral,neutral
1410911042918436866,vaccines,neutral,neutral,neutral,neutral
348892160734687232,vaccines,neutral,favor,neutral,neutral
1356653389598380032,vaccines,neutral,neutral,neutral,neutral
1555359130117935104,vaccines,neutral,neutral,neutral,neutral
1287228973487775744,vaccines,neutral,neutral,neutral,neutral
299267440477626369,vaccines,neutral,neutral,favor,neutral
365803516721246210,vaccines,neutral,neutral,against,neutral
523091774458572800,vaccines,neutral,neutral,neutral,neutral
291261014547243008,vaccines,against,against,against,against
310521499549327362,vaccines,against,neutral,against,against
1343403940986171392,vaccines,neutral,neutral,neutral,neutral
1104633137362026496,vaccines,neutral,neutral,neutral,neutral
1275438382391324672,vaccines,neutral,neutral,neutral,neutral
447096978833276928,vaccines,neutral,neutral,neutral,against
1769243343094028085,vaccines,neutral,neutral,neutral,neutral
1011777407479701505,vaccines,neutral,neutral,neutral,neutral
1536199819508973568,vaccines,neutral,against,neutral,neutral
1344087064749326336,vaccines,neutral,neutral,neutral,neutral
616499516842356736,vaccines,against,against,against,against
816030327529467904,vaccines,favor,favor,favor,favor
3178037512130358484,vaccines,favor,neutral,favor,favor
1275827737857413120,vaccines,neutral,neutral,against,neutral
730125798955438080,vaccines,neutral,neutral,neutral,neutral
518853342660161536,vaccines,neutral,against,neutral,neutral
689563520480882688,vaccines,neutral,neutral,neutral,neutral
3393659815590270747,vaccines,favor,neutral,favor,favor
819944252096380932,vaccines,neutral,neutral,neutral,neutral
305787633508962304,vaccines,neutral,neutral,neutral,neutral
364008007899688960,vaccines,neutral,neutral,neutral,neutral
966272739928629253,vaccines,neutral,neutral,neutral,neutral
314009578939498496,vaccines,neutral,neutral,neutral,neutral
990663381379092480,vaccines,favor,favor,favor,favor
2443558762324521568,vaccines,neutral,neutral,neutral,neutral
610229941834260480,vaccines,against,against,neutral,against
292118015800127488,vaccines,favor,favor,favor,neutral
496002955263221760,vaccines,neutral,neutral,neutral,neutral
1476965056697061384,vaccines,neutral,neutral,neutral,neutral
1541754433247141889,vaccines,neutral,neutral,against,neutral
628738019944566784,vaccines,favor,favor,favor,favor
358923917961871361,vaccines,neutral,neutral,neutral,neutral
1372454741100261379,vaccines,neutral,neutral,neutral,neutral
1542796396008509441,vaccines,neutral,neutral,neutral,neutral
1429498365579075588,vaccines,neutral,neutral,neutral,neutral
1559579062682767362,vaccines,neutral,neutral,neutral,neutral
794775369496674304,vaccines,neutral,neutral,neutral,against
1163467167570026502,vaccines,favor,favor,favor,favor
1516178178183680009,vaccines,neutral,neutral,neutral,favor
780077617433018368,vaccines,neutral,neutral,neutral,neutral
610149055285608448,vaccines,favor,favor,favor,favor
1241868231108898818,vaccines,neutral,neutral,neutral,neutral
1588294148444258305,vaccines,neutral,neutral,neutral,neutral
1090653266206183425,vaccines,favor,neutral,favor,favor
1457464750816825346,vaccines,neutral,neutral,neutral,neutral
1255091770477723648,vaccines,favor,favor,favor,favor
861694041104289793,vaccines,neutral,neutral,neutral,neutral
986653360429436928,vaccines,against,against,against,against
591982329192656896,vaccines,neutral,neutral,neutral,neutral
627089178057007104,vaccines,neutral,neutral,neutral,neutral
1356652488011751426,vaccines,neutral,neutral,neutral,neutral
521769774645518336,vaccines,neutral,neutral,neutral,neutral
444731726003068928,vaccines,neutral,neutral,neutral,favor
456515111750860802,vaccines,neutral,neutral,neutral,neutral
1094224059078864896,vaccines,neutral,neutral,neutral,favor
630417901074448384,vaccines,neutral,neutral,neutral,neutral
1532373424529547265,vaccines,against,against,against,against
785457483439636481,vaccines,neutral,neutral,neutral,neutral
1300488079585603584,vaccines,neutral,neutral,neutral,neutral
1441747112220319744,vaccines,neutral,neutral,neutral,neutral
1341746321800179719,vaccines,favor,neutral,favor,favor
1423347864843870208,vaccines,favor,favor,favor,favor
1036508514405904387,vaccines,favor,neutral,favor,favor
445946310580273153,vaccines,neutral,neutral,neutral,neutral
991440511604088837,vaccines,neutral,neutral,neutral,against
878339266501160960,vaccines,against,against,against,against
1232383087985774593,vaccines,neutral,neutral,neutral,neutral
496167339784564736,vaccines,neutral,neutral,neutral,neutral
860861768314257408,vaccines,favor,favor,favor,favor
498901220644622336,vaccines,neutral,neutral,neutral,neutral
1267058510220660742,vaccines,neutral,neutral,neutral,neutral
674790739855826944,vaccines,favor,favor,favor,neutral
971829308443561984,vaccines,neutral,neutral,neutral,neutral
614033176847974400,vaccines,neutral,neutral,neutral,neutral
1029278786448175104,vaccines,neutral,neutral,neutral,neutral
1109586613804371969,vaccines,favor,favor,favor,favor
